编号,品名,规格,尺寸,条码,产品说明,配料,食用方法,贮藏方法,执行标准,卫生许可证号/GMP,保质期,上市时间,产品地址连接
A001,阿胶浆组合,1*10*600ml,40*30*8cm,6.92E+12,鹤王阿胶浆是根据中国传统保健理论，以阿胶、枸杞、当归、党参为主要原料，采用现代科学 方法加工而成的保健食品，经功能试验证明，本品具有免疫调节的保健作用。,阿胶、枸杞、当归、党参、大枣、甘草。,每日2次，每次40-50g，用温水冲服。,置阴凉干燥处。,Q/SHS01,鲁卫GMP（2005）第002号,18个月,2006,http://item.taobao.com/item.htm?id=6859000753
A002,阿胶浆,1*10*800g,29.8*20*5.5cm,6.92E+12,鹤王阿胶浆是根据中国传统保健理论，以阿胶、枸杞、当归、党参为主要原料，采用现代科学 方法加工而成的保健食品，经功能试验证明，本品具有免疫调节的保健作用。,阿胶、枸杞、当归、党参、大枣、甘草。,每日2次，每次40-50g，用温水冲服。,置阴凉干燥处。,Q/SHS01,鲁卫GMP（2005）第002号,18个月,2004,http://item.taobao.com/item.htm?id=6921385595
A003,阿胶浆,1*10*400g,29.8*20*5.5cm,6.92E+12,鹤王阿胶浆是根据中国传统保健理论，以阿胶、枸杞、当归、党参为主要原料，采用现代科学 方法加工而成的保健食品，经功能试验证明，本品具有免疫调节的保健作用。,阿胶、枸杞、当归、党参、大枣、甘草。,每日2次，每次一支。,置阴凉干燥处。,Q/SHS01,鲁卫GMP（2005）第002号,18个月,2001,http://item.taobao.com/item.htm?id=6861656767
A004,阿胶浆（开窗）,1*8*900g,42*29*8cm,6.92E+12,鹤王阿胶浆是根据中国传统保健理论，以阿胶、枸杞、当归、党参为主要原料，采用现代科学 方法加工而成的保健食品，经功能试验证明，本品具有免疫调节的保健作用。,阿胶、枸杞、当归、党参、大枣、甘草。,每日2次，每次40-50g，用温水冲服。,置阴凉干燥处。,Q/SHS01,鲁卫GMP（2005）第002号,18个月,2003,http://item.taobao.com/item.htm?id=6861637269
A005,阿胶浆（金卡）,1*10*600g,38*27*9cm,6.92E+12,鹤王阿胶浆是根据中国传统保健理论，以阿胶、枸杞、当归、党参为主要原料，采用现代科学 方法加工而成的保健食品，经功能试验证明，本品具有免疫调节的保健作用。,阿胶、枸杞、当归、党参、大枣、甘草。,每日2次，每次40-50g，用温水冲服。,置阴凉干燥处。,Q/SHS01,鲁卫GMP（2005）第002号,18个月,2001,http://item.taobao.com/item.htm?id=6862045819
A006,阿胶块礼盒,1*6*750g,36*26.2*9cm,6.92E+12,本品是根据中 国传统工艺理论，融入现代科技，采用上等驴皮，经科学浸泡、去毛、反复清洗、熬制提取、冷凝、晾干、切块精制而成。其表面呈黑色或棕黑色，平滑有光泽，如对光照略透明，质坚脆，富含胶原蛋白及钙、铁等微量元素，是日常滋补的必备佳品。 阿胶，本经上品，出东阿，故名阿胶――?李时珍《本草纲目》,驴皮、冰糖、黄酒、豆油,1、取本品3－9g用适量黄酒并加水熬开，待全部均匀溶解后温服。2、炖鸡或炖 鱼时将本品10－16g放入锅内，与鸡鱼同煮，溶解后一起食用。3、用微波炉加热3分钟，待阿胶膨化，粉碎后取出3－9g开水冲服，可加入蜂蜜， 冰糖以改善口感。,置阴凉干燥处,Q/SHS07,QS3714 0701 0078,36个月,2005,http://item.taobao.com/item.htm?id=6861765749
A007,阿胶大礼盒,1*8*1000g,44.8*32.5*9cm,6.92E+12,鹤王阿胶浆是根据中国传统保健理论，以阿胶、枸杞、当归、党参为主要原料，采用现代科学 方法加工而成的保健食品，经功能试验证明，本品具有免疫调节的保健作用。,阿胶、枸杞、当归、党参、大枣、甘草。,每日2次，每次40-50g，用温水冲服。,置阴凉干燥处,Q/SHS01,鲁卫GMP（2005）第002号,18个月,2005,http://item.taobao.com/item.htm?id=6862113125
A008,阿胶块,1*40*250g,18.5*10.5*1.8cm,6.92E+12,本品是根据中 国传统工艺理论，融入现代科技，采用上等驴皮，经科学浸泡、去毛、反复清洗、熬制提取、冷凝、晾干、切块精制而成。其表面呈黑色或棕黑色，平滑有光泽，如对光照略透明，质坚脆，富含胶原蛋白及钙、铁等微量元素，是日常滋补的必备佳品。 阿胶，本经上品，出东阿，故名阿胶――?李时珍《本草纲目》,驴皮、冰糖、黄酒、豆油,1、取本品3－9g用适量黄酒并加水熬开，待全部均匀溶解后温服。2、炖鸡或炖 鱼时将本品10－16g放入锅内，与鸡鱼同煮，溶解后一起食用。3、用微波炉加热3分钟，待阿胶膨化，粉碎后取出3－9g开水冲服，可加入蜂蜜， 冰糖以改善口感。,置阴凉干燥处,Q/SHS07,QS3714 0701 0078,36个月,2004,http://item.taobao.com/item.htm?id=2222598907
A009,阿胶块,1*20*500g,18.8*10.8*3.9cm,6.92E+12,本品是根据中 国传统工艺理论，融入现代科技，采用上等驴皮，经科学浸泡、去毛、反复清洗、熬制提取、冷凝、晾干、切块精制而成。其表面呈黑色或棕黑色，平滑有光泽，如对光照略透明，质坚脆，富含胶原蛋白及钙、铁等微量元素，是日常滋补的必备佳品。 阿胶，本经上品，出东阿，故名阿胶――?李时珍《本草纲目》,驴皮、冰糖、黄酒、豆油,1、取本品3－9g用适量黄酒并加水熬开，待全部均匀溶解后温服。2、炖鸡或炖 鱼时将本品10－16g放入锅内，与鸡鱼同煮，溶解后一起食用。3、用微波炉加热3分钟，待阿胶膨化，粉碎后取出3－9g开水冲服，可加入蜂蜜， 冰糖以改善口感。,置阴凉干燥处,Q/SHS07,QS3714 0701 0078,36个月,2004,http://item.taobao.com/item.htm?id=2223714719
A010,阿胶浆口服液,1*30*200ml,33*18.2*3.6cm,6.92E+12,鹤王阿胶浆是根据中国传统保健理论，以阿胶、枸杞、当归、党参为主要原料，采用现代科学 方法加工而成的保健食品，经功能试验证明，本品具有免疫调节的保健作用。,阿胶、枸杞、当归、党参、大枣、甘草。,每日2次，每次40-50g，用温水冲服。,置阴凉干燥处,Q/SHS01,鲁卫GMP（2005）第002号,18个月,2001,http://item.taobao.com/item.htm?id=6862102985
A011,阿胶浆（单瓶）,1*20*300g,19*10*8.3cm,6.92E+12,鹤王阿胶浆是根据中国传统保健理论，以阿胶、枸杞、当归、党参为主要原料，采用现代科学 方法加工而成的保健食品，经功能试验证明，本品具有免疫调节的保健作用。,阿胶、枸杞、当归、党参、大枣、甘草。,每日2次，每次40-50g，用温水冲服。,置阴凉干燥处,Q/SHS01,鲁卫GMP（2005）第002号,18个月,2000,http://item.taobao.com/item.htm?id=6862346917
A012,阿胶浆（双瓶）,1*20*400g,13.5*20.5*7.5cm,6.92E+12,鹤王阿胶浆是根据中国传统保健理论，以阿胶、枸杞、当归、党参为主要原料，采用现代科学 方法加工而成的保健食品，经功能试验证明，本品具有免疫调节的保健作用。,阿胶、枸杞、当归、党参、大枣、甘草。,每日2次，每次40-50g，用温水冲服。,置阴凉干燥处,Q/SHS01,鲁卫GMP（2005）第002号,18个月,2001,http://item.taobao.com/item.htm?id=6862404515
A013,500g单桶阿胶粉,1*20*500g,14.7*10cm,6.92E+12,本品是以山东阿胶为原料，采用先进的高分子剪切工艺技术（本产品已申请发明专利） 精制而成的速溶性阿胶粉。不添加任何添加剂，是用100%阿胶制成的纯阿胶粉。它改变了阿胶二千多年的传统服用方法，速溶、更易吸收，它伴随人们进入生活 快车道，服用真的方便，开水一冲就好。100%纯阿胶粉、香气馥郁，味道丰润醇厚。搭配阿胶伴侣，随心调配个 人口味，带给你丰富多样的阿胶体验。,阿胶,每日2次每次一汤匙约5g。1、加入阿胶伴侣2汤匙约10g，充分搅拌均匀后， 加适量开水搅拌温服。2、可以根据自己口味加咖啡调配食用，有意想不到的风味及效果。3、加入适量奶粉与阿胶粉拌匀后，放入冰糖或蜂蜜加 适量开水冲服。,密封，置阴凉干燥处，开盖后请尽快食用。,Q/SHS015,QS3714 0601 0400,24个月,2007,http://item.taobao.com/item.htm?id=2224603783
A014,500g单桶阿胶伴侣,1*20*500g,14.7*10cm,6.92E+12,本品是以奶粉、植脂末、大枣、枸杞、桂圆、双歧因子、葡萄糖酸亚铁、葡萄糖酸钙、复合甜味剂为原料， 采用先进工艺精制而成的阿胶伴侣粉，香味浓郁，营养丰富，富含钙铁锌及维生素，是理想的阿胶伴侣。本品既可作为阿胶伴侣，也可作为营养食品单独食用。,奶粉、植脂末、大枣、枸杞、桂圆、 双歧因子、葡萄糖酸亚铁、葡萄糖酸钙、复合甜味剂,1、配合阿胶粉服用，每日2次，每次10-15g，取本品与阿胶粉充分混匀，加适量开水冲服即可。2、单独服用，每日2-3次，每次20-30g，加适量开水冲服即可。,密封，置阴凉干燥处，开盖后请尽快食用。,Q/SHS017,QS3714 0601 0400,24个月,2007,http://item.taobao.com/item.htm?id=2223238727
A015,15g*10袋阿胶粉,4*20*150g,14*10.5*7cm,6.92E+12,鹤王”阿胶粉是由我公司产品研发中心与山东大学生物工程学院和江南大学生命科学学院的教授组成研发团队，历经数年时间研制成功的新型高科技产品。本产品是 生物技术在保健食品应用领域的新突破。阿胶粉优选100%纯山东阿胶为原料，不添加任何添加剂，既保证了阿胶原有的功能功效，又改变了阿胶传统服用方法的 缺点。“鹤王”阿胶粉的问世标志着“古方养生”的新突破，它也将成为您营养保健的新选择。,阿胶粉、阿胶伴侣（奶粉、植脂末、枸杞、桂圆、双歧因子、葡萄糖酸亚铁、葡萄糖酸钙）、复合甜味剂为原料精制而成的阿胶营养粉。??,每天1~2次，每次取1小袋，用开水冲服即可.,密封，置阴凉干燥处。,Q/SHS020,QS3714 0601 0400,24个月,2007,http://item.taobao.com/item.htm?id=2222593667
A016,300g阿胶粉礼盒,1*12*300g,28*17.9*8cm,6.92E+12,本品是以山东阿胶为原料，采用先进的高分子剪切工艺技术（本产品已申请发明专利） 精制而成的速溶性阿胶粉。不添加任何添加剂，是用100%阿胶制成的纯阿胶粉。它改变了阿胶二千多年的传统服用方法，速溶、更易吸收，它伴随人们进入生活 快车道，服用真的方便，开水一冲就好。100%纯阿胶粉、香气馥郁，味道丰润醇厚。搭配阿胶伴侣，随心调配个 人口味，带给你丰富多样的阿胶体验。,阿胶,每日2次每次一汤匙约5g。1、加入阿胶伴侣2汤匙约10g，充分搅拌均匀后， 加适量开水搅拌温服。2、可以根据自己口味加咖啡调配食用，有意想不到的风味及效果。3、加入适量奶粉与阿胶粉拌匀后，放入冰糖或蜂蜜加 适量开水冲服。,密封，置阴凉干燥处，开盖后请尽快食用。,Q/SHS015,QS3714 0601 0400,24个月,2007,http://item.taobao.com/item.htm?id=6862592151
A017,500g阿胶粉小礼盒,1*12*500g,28*21.3*10.9cm,6.92E+12,本品是以山东阿胶为原料，采用先进的高分子剪切工艺技术（本产品已申请发明专利） 精制而成的速溶性阿胶粉。不添加任何添加剂，是用100%阿胶制成的纯阿胶粉。它改变了阿胶二千多年的传统服用方法，速溶、更易吸收，它伴随人们进入生活 快车道，服用真的方便，开水一冲就好。100%纯阿胶粉、香气馥郁，味道丰润醇厚。搭配阿胶伴侣，随心调配个 人口味，带给你丰富多样的阿胶体验。,阿胶,每日2次每次一汤匙约5g。1、加入阿胶伴侣2汤匙约10g，充分搅拌均匀后， 加适量开水搅拌温服。2、可以根据自己口味加咖啡调配食用，有意想不到的风味及效果。3、加入适量奶粉与阿胶粉拌匀后，放入冰糖或蜂蜜加 适量开水冲服。,密封，置阴凉干燥处，开盖后请尽快食用。,Q/SHS015,QS3714 0601 0400,24个月,2007,http://item.taobao.com/item.htm?id=6862529475
A018,500g阿胶粉大礼盒,1*8*500g,37.4*26.8*10.7cm,6.92E+12,本品是以山东阿胶为原料，采用先进的高分子剪切工艺技术（本产品已申请发明专利） 精制而成的速溶性阿胶粉。不添加任何添加剂，是用100%阿胶制成的纯阿胶粉。它改变了阿胶二千多年的传统服用方法，速溶、更易吸收，它伴随人们进入生活 快车道，服用真的方便，开水一冲就好。100%纯阿胶粉、香气馥郁，味道丰润醇厚。搭配阿胶伴侣，随心调配个 人口味，带给你丰富多样的阿胶体验。,阿胶,每日2次每次一汤匙约5g。1、加入阿胶伴侣2汤匙约10g，充分搅拌均匀后， 加适量开水搅拌温服。2、可以根据自己口味加咖啡调配食用，有意想不到的风味及效果。3、加入适量奶粉与阿胶粉拌匀后，放入冰糖或蜂蜜加 适量开水冲服。,密封，置阴凉干燥处，开盖后请尽快食用。,Q/SHS015,QS3714 0601 0400,24个月,2007,http://item.taobao.com/item.htm?id=6862696143
A019,450g阿胶糕,4*20*450g,21*13*5cm,6.92E+12,本品采用山东优质阿胶，配以黑芝麻、核桃仁等天然原料，采用先进的生产工艺精制而成、富 含蛋白质和多种氨基酸、微量元素、营养丰富、方便可口、是理想的进补佳品。,阿胶、核桃仁、黑芝麻、绍酒、冰糖,打开即食。（每日推荐摄入量：每次一块，每日三次）,密封，常温下保存。,Q/SHS026,QS3714 0701 0078,常温下12个月,2009,http://item.taobao.com/item.htm?id=2892378631
A020,255g阿胶糕,1*40*255g,21*13.5*4cm,6.92E+12,本品采用山东优质阿胶，配以黑芝麻、核桃仁等天然原料，采用先进的生产工艺精制而成、富 含蛋白质和多种氨基酸、微量元素、营养丰富、方便可口、是理想的进补佳品。,阿胶、核桃仁、黑芝麻、绍酒、冰糖,打开即食。（每日推荐摄入量：每次一块，每日三次）,密封，常温下保存。,Q/SHS026,QS3714 0701 0078,常温下12个月,2009,http://item.taobao.com/item.htm?id=6862701355
A021,120g阿胶糕,1*60*120g,21*13.5*2.5cm,6.92E+12,本品采用山东优质阿胶，配以黑芝麻、核桃仁等天然原料，采用先进的生产工艺精制而成、富 含蛋白质和多种氨基酸、微量元素、营养丰富、方便可口、是理想的进补佳品。,阿胶、核桃仁、黑芝麻、绍酒、冰糖,打开即食。（每日推荐摄入量：每次一块，每日三次）,密封，常温下保存。,Q/SHS026,QS3714 0701 0078,常温下12个月,2009,http://item.taobao.com/item.htm?id=2223720027
A022,450g阿胶粉,1*20*450g,22.5*19.4*5.5cm,6.92E+12,鹤王”阿胶粉是由我公司产品研发中心与山东大学生物工程学院和江南大学生命科学学院的教授组成研发团队，历经数年时间研制成功的新型高科技产品。本产品是 生物技术在保健食品应用领域的新突破。阿胶粉优选100%纯山东阿胶为原料，不添加任何添加剂，既保证了阿胶原有的功能功效，又改变了阿胶传统服用方法的 缺点。“鹤王”阿胶粉的问世标志着“古方养生”的新突破，它也将成为您营养保健的新选择。,阿胶粉、阿胶伴侣（奶粉、植脂末、枸杞、桂圆、双歧因子、葡萄糖酸亚铁、葡萄糖酸钙）、复合甜味剂为原料精制而成的阿胶营养粉。??,每天1~2次，每次取1小袋，用开水冲服即可.,密封，置阴凉干燥处。,Q/SHS020,QS3714 0601 0400,24个月,2007,http://item.taobao.com/item.htm?id=6862797975
A023,阿胶精品组合,1*8*800g,44.8*32.5*9cm,6.92E+12,本品是以山东阿胶为原料，采用先进的高分子剪切工艺技术（本产品已申请发明专利） 精制而成的速溶性阿胶粉。不添加任何添加剂，是用100%阿胶制成的纯阿胶粉。它改变了阿胶二千多年的传统服用方法，速溶、更易吸收，它伴随人们进入生活 快车道，服用真的方便，开水一冲就好。100%纯阿胶粉、香气馥郁，味道丰润醇厚。搭配阿胶伴侣，随心调配个 人口味，带给你丰富多样的阿胶体验。鹤王阿胶浆是根据中国传统保健理论，以阿胶、枸杞、当归、党参为主要原料，采用现代科学 方法加工而成的保健食品，经功能试验证明，本品具有免疫调节的保健作用,阿胶、核桃仁、黑芝麻、绍酒、冰糖,每日2次每次一汤匙约5g。1、加入阿胶伴侣2汤匙约10g，充分搅拌均匀后， 加适量开水搅拌温服。2、可以根据自己口味加咖啡调配食用，有意想不到的风味及效果。3、加入适量奶粉与阿胶粉拌匀后，放入冰糖或蜂蜜加 适量开水冲服。,密封，置阴凉干燥处。,Q/SHS015/Q/SHS01,QS3714 0601 0400,24个月/18个月,2009,http://item.taobao.com/item.htm?id=6862775913
A051,阿胶浆（开窗）,1*10*400ml,38.5*26*8.5cm,6.92E+12,鹤王阿胶浆是根据中国传统保健理论，以阿胶、枸杞、当归、党参为主要原料，采用现代科学 方法加工而成的保健食品，经功能试验证明，本品具有免疫调节的保健作用。,阿胶、枸杞、当归、党参、大枣、甘草。,每日2次，每次40-50g，用温水冲服。,置阴凉干燥处,Q/SHS01,鲁卫GMP（2005）第002号,18个月,2005,http://item.taobao.com/item.htm?id=6863511425
A052,50g阿胶枣,1*50*50g,11.8*18cm,6.92E+12,阿胶金丝枣系采 用驰名中外的乐陵金丝小枣和山东阿胶为主要原料，科学加工，精制而成。乐陵小枣富含人体所需的17种氨基酸、微量元素、钙、磷、铁及多种维生素，其中维生素c的含量更是 多达苹果的70倍，所以乐陵小枣又被称为维生素丸，是一种理想的高级营养品。,阿胶、乐陵金丝小枣,开袋即食，或煮粥、泡茶等。,密闭、置阴凉干燥处。,Q/SHS16-2005,QS3714 0601 0400,18个月,2005,http://item.taobao.com/item.htm?id=2224030665
A053,78g阿胶枣,1*50*78g,13.8*20cm,6.92E+13,阿胶金丝枣系采 用驰名中外的乐陵金丝小枣和山东阿胶为主要原料，科学加工，精制而成。乐陵小枣富含人体所需的17种氨基酸、微量元素、钙、磷、铁及多种维生素，其中维生素c的含量更是 多达苹果的70倍，所以乐陵小枣又被称为维生素丸，是一种理想的高级营养品。,阿胶、乐陵金丝小枣,开袋即食，或煮粥、泡茶等。,密闭、置阴凉干燥处。,Q/SHS16-2005,QS3714 0601 0400,18个月,2005,
A054,120g阿胶蜜枣,1*50*120g,14.8*21cm,6.92E+12,阿胶金丝枣系采 用驰名中外的乐陵金丝小枣和山东阿胶为主要原料，科学加工，精制而成。乐陵小枣富含人体所需的17种氨基酸、微量元素、钙、磷、铁及多种维生素，其中维生素c的含量更是 多达苹果的70倍，所以乐陵小枣又被称为维生素丸，是一种理想的高级营养品。,阿胶、乐陵金丝小枣,开袋即食，或煮粥、泡茶等。,密闭、置阴凉干燥处。,Q/SHS16-2005,QS3714 0601 0400,18个月,2005,
B001,洋参组合,1*8*7小盒,45*32*8.2cm,6.92E+12,《本草纲目》中记载:”二人行，一人口含西洋参，健行而不喘，不含者则气喘嘘 嘘”。《医学参西录》中写道：“西洋参性凉而祉，既能补气分，又能补血分，凡欲用人参而不受之温补者，皆可以此代之”。西洋参的主要成分包括洋参皂甙，低 聚糖和具有生理活性的洋参多糖，含有20种以上的氨基酸，含有具有生物活性的低聚糖、多聚肽等成分。此外还含有对人体健康十分有益的锌、硒、铁等多种微量 元素，维生素A、B、C、等以及不饱和脂肪酸、酶类物质 。本品是以西洋参、蔗糖、糊精、硬脂酸镁为主要原料制成的保健食品，经功能试验证明，具有抗疲劳的保健功能。,西洋参、蔗糖、糊精、硬脂酸镁,每日3次，每次1片,密封，置阴凉干燥处,Q/XFLL04,QS3714 0601 0400,24个月,2005,http://item.taobao.com/item.htm?id=6863524811
B002,洋参含片,1*8*260g,40*30*8cm,6.92E+12,《本草纲目》中记载:”二人行，一人口含西洋参，健行而不喘，不含者则气喘嘘 嘘”。《医学参西录》中写道：“西洋参性凉而祉，既能补气分，又能补血分，凡欲用人参而不受之温补者，皆可以此代之”。西洋参的主要成分包括洋参皂甙，低 聚糖和具有生理活性的洋参多糖，含有20种以上的氨基酸，含有具有生物活性的低聚糖、多聚肽等成分。此外还含有对人体健康十分有益的锌、硒、铁等多种微量 元素，维生素A、B、C、等以及不饱和脂肪酸、酶类物质 。本品是以西洋参、蔗糖、糊精、硬脂酸镁为主要原料制成的保健食品，经功能试验证明，具有抗疲劳的保健功能。,西洋参、蔗糖、糊精、硬脂酸镁,每日3次，每次1片,密封，置阴凉干燥处,Q/XFLL04,QS3714 0601 0400,24个月,2005,http://item.taobao.com/item.htm?id=6863564675
B003,洋参含片,1*20*12小盒,28*13.5*8.5cm,6.92E+12,《本草纲目》中记载:”二人行，一人口含西洋参，健行而不喘，不含者则气喘嘘 嘘”。《医学参西录》中写道：“西洋参性凉而祉，既能补气分，又能补血分，凡欲用人参而不受之温补者，皆可以此代之”。西洋参的主要成分包括洋参皂甙，低 聚糖和具有生理活性的洋参多糖，含有20种以上的氨基酸，含有具有生物活性的低聚糖、多聚肽等成分。此外还含有对人体健康十分有益的锌、硒、铁等多种微量 元素，维生素A、B、C、等以及不饱和脂肪酸、酶类物质 。本品是以西洋参、蔗糖、糊精、硬脂酸镁为主要原料制成的保健食品，经功能试验证明，具有抗疲劳的保健功能。,西洋参、蔗糖、糊精、硬脂酸镁,每日3次，每次1片,密封，置阴凉干燥处,Q/XFLL04,QS3714 0601 0400,24个月,2005,http://item.taobao.com/item.htm?id=2223745883
B004,洋参胶囊,1*20*12小盒,28*13.5*8.5cm,6.92E+12,《本草纲目》中记载:”二人行，一人口含西洋参，健行而不喘，不含者则气喘嘘 嘘”。《医学参西录》中写道：“西洋参性凉而祉，既能补气分，又能补血分，凡欲用人参而不受之温补者，皆可以此代之”。西洋参的主要成分包括洋参皂甙，低 聚糖和具有生理活性的洋参多糖，含有20种以上的氨基酸，含有具有生物活性的低聚糖、多聚肽等成分。此外还含有对人体健康十分有益的锌、硒、铁等多种微量 元素，维生素A、B、C、等以及不饱和脂肪酸、酶类物质 。本品是以西洋参、蔗糖、糊精、硬脂酸镁为主要原料制成的保健食品，经功能试验证明，具有抗疲劳的保健功能。,西洋参,每日3次，每次1粒,密封，置阴凉干燥处,Q/XFLL05,QS3714 0601 0400,24个月,2005,http://item.taobao.com/item.htm?id=6863923567
B005,洋参大礼盒,1*8*800ml,45.2*32.7*9cm,6.92E+12,本品是以西洋参、蔗 糖、糊精、硬脂酸镁为主要原料制成的保健食品，经功能试验证明，具有抗疲劳的保健功能,西洋参、蔗糖、糊精、硬脂酸镁,每日3次，每次1片,密封，置阴凉干燥处。,Q/XFLL04,QS3714 0601 0400,24个月,2005,http://item.taobao.com/item.htm?id=6863786017
C001,银杏叶茶,1*8*56袋,45*32*8.2cm,6.92E+12,银杏叶茶是以银杏叶为原料制成的保健食品，经功能试验证实，本品具有调节血脂的保健功 能。,银杏叶,每天2-3袋，用开水浸泡5分钟后饮用,置阴凉干燥处,Q/09JXC001,QS3714 0601 0400,18个月,2005,http://item.taobao.com/item.htm?id=6885776783
C002,银杏叶茶,1*30*60g,20*13.5*7.1cm,6.92E+12,银杏叶茶是以银杏叶为原料制成的保健食品，经功能试验证实，本品具有调节血脂的保健功 能。,银杏叶,每天2-3袋，用开水浸泡5分钟后饮用,置阴凉干燥处,Q/09JXC001,QS3714 0601 0400,18个月,2005,http://item.taobao.com/item.htm?id=2222601291
D001,蛋白粉（90%）,1*8*560g,42*28*10cm,6.92E+12,蛋白质是生命的物质基础，是人体不可缺少的营养成分。本品选用胶原蛋白，大豆分离、乳清 蛋白为主要原料，添加乳钙及维生素E，结合最新科学营养配方、采用先进工艺精致而成。,胶原蛋白、大豆分离蛋白、乳清蛋白、阿斯巴甜、乳钙、维生素E,取本品约10g。1、加入果汁或其它饮料中搅拌均匀待完全溶解后服用；2、与鹤王伴侣 20-30g混合均匀后加入200ml左右开水搅拌均匀，待完全溶解后服用。,密封，置阴凉干燥处。,Q/SHS12,QS3714 0601 0400,24个月,2004,http://item.taobao.com/item.htm?id=6885665859
D002,高营养蛋白粉,1*8*600g,42*28*10cm,6.92E+12,本品采用无转基因大豆分离蛋白与国际知名乳品公司的浓缩乳清蛋白为原料，以植物蛋白和动 物蛋白进行合理配比制成。其中多种必须氨基酸含量均达到国际卫生组织的标准，其中氨基酸构成比例接近人体营养需求。配置生产全程在GMP结晶标准厂房内进 行，本品老少皆宜，尤其适合体弱、术后康复者、孕妇、哺乳期孕妇女均可食用。,浓缩乳清蛋白、大豆分离蛋白、双歧因子、卵磷脂、复合甜味剂、乳钙、维生素E,取鹤王蛋白质粉1小袋，加入约150ml水搅拌均匀即可食用。,保持罐盖及小袋密封，置阴凉干燥处保存,Q/SHS12,QS3714 0601 0400,24个月,2005,http://item.taobao.com/item.htm?id=6885703241
D003,453g老年蛋白质粉,1*20*453g,9.9*17.1cm,6.92E+12,采用无 转基因大豆分离蛋白与国际知名乳品公司的浓缩乳清蛋白为原料，以植物蛋白和动物蛋白进行合理配比制成。其中多种必须氨基酸含量均达到国际卫生组织的标准， 其氨基酸构成比例接近人体营养需求。配制生产全程在GMP洁净标准厂房内进行，本品特别适合老年人服用。,浓缩乳清蛋白、大豆分离蛋白、双歧因子、卵磷脂、复合甜味剂、乳钙、维生素E,取鹤王蛋白质粉20g 左右，加入约150ml开水搅拌均匀即可食用,密封，置阴凉干燥处保 存。,Q/SHS12,QS3714 0601 0400,24个月,2007,http://item.taobao.com/item.htm?id=6885804565
D004,453g乳清蛋白质粉,1*20*453g,9.9*17.1cm,6.92E+12,蛋白质是生命的物质基 础，是人体不可缺少的营养成份。本品采用国际知名乳品公司的浓缩乳清蛋白与无转基因大豆分离蛋白为原料，以植物蛋白和动物蛋白进行合理配比制成。其中多种 必须氨基酸含量均达到国际卫生组织的标准，其氨基酸构成比例接近人体营养需求。配制生产全程在GMP洁净标准厂房内进行，本品老少皆宜，尤其适合体弱术后 康复者服用，孕妇、哺乳期妇女均可食用。,浓缩乳清蛋白、大豆分 离蛋白、植脂末、卵磷脂、复合甜味剂、乳钙、维生素E,取鹤王蛋白质粉20g 左右，加入约150ml开水搅拌均匀即可食用。,密封，置阴凉干燥处保 存,Q/SHS12,QS3714 0601 0400,24个月,2007,http://item.taobao.com/item.htm?id=2223399003
D051,蛋白质粉（无糖）,1*8*800g,45.3*32.6*10cm,6.92E+12,蛋白质粉是生命的物质基础，是人体不可缺少的营养成份。本品是以大豆分离蛋白、豆奶粉、植脂末为主要原料，结合最新营养配方，以先进工艺和设备精制而成的营养食品，提供人体必需的蛋白质。,大豆分离蛋白、豆奶粉、米粉、植脂末、双歧因子、复合甜味剂 ,每日2次，每次20-30g，加入开水搅拌即冲即饮 ,置阴凉干燥处 ,Q/SHS020 ,QS371406010400 ,18个月 ,2005,http://item.taobao.com/item.htm?id=6885986439
D052,高营养蛋白质粉,1*8*800g,45.3*32.6*10cm,6.92E+12,蛋白质是构成人体的主要成分，它与水、矿物质、碳水化合物、脂肪和维生素并成为生命的六大要素。蛋白质在人体中占有相当的比例，约占人体总干物质的45%，在生命活动中起着不可代替的作用。人体遗传基因DNA的主要成分也是蛋白质。,大豆分离蛋白、浓缩乳清蛋白、豆奶粉、植脂末、麦芽糊精、双歧因子、乳钙、维生素E,取本品30g放入碗中 加沸水 搅拌均匀即可 ,置于通风、阴凉、干燥处 ,Q/SHS020 ,QS371406010400 ,18个月 ,2007,http://item.taobao.com/item.htm?id=6885943979
D053,中老年蛋白质粉,1*8*800g,45.3*32.6*10cm,6.92E+12,蛋白质是生命的物质基础，是人体不可缺少的营养成份。本品选用优质大豆分离蛋白、豆奶粉、植脂末为主要原料，结合最新科学营养配方，以独特先进工艺和设备精制而成的营养食品，提供人体必需的蛋白质。本品特别添加了乳钙，更适合中老年人士食用，是目前中老年人士日常滋补的营养佳品。,大豆分离蛋白、豆奶粉、精制米粉、葡萄糖、植脂末、双歧因子、乳钙,取本品30g放入碗中 加沸水 搅拌均匀即可,置于通风、阴凉、干燥处 ,Q/SHS020 ,QS371406010400 ,18个月 ,2007,http://item.taobao.com/item.htm?id=6886213351
D054,乳清蛋白营养粉,1*8*600g,45*33*10cm,6.92E+12,蛋白质是生命的物质基础，是人体不可缺少的营养成份。本品是选用优质大豆分离蛋白、乳清蛋白、植脂末为主要原料，结合最新科学营养配方，以独特先进工艺和设备精制而成的营养食品，提供人体必需的蛋白质。适合各年龄人士食用，是目前现代人士日常滋补和营养佳品。,大豆分离蛋白、乳清蛋白、精制米粉、葡萄糖、植脂末、双歧因子 ,取本品30g放入碗中 加沸水 搅拌均匀即可,置于通风、阴凉、干燥处 ,Q/SHS020 ,QS371406010400 ,18个月 ,2007,http://item.taobao.com/item.htm?id=6886338145
E001,精装氨基酸营养液,1*10*500ml,39.7*26.7*9cm,6.92E+12,本品采用现代生物技术，从动植物原料中提取制成的营养食品含有赖氨酸、组氨酸、精氨酸、胱氨酸、亮氨酸、色氨酸等各种人体所需的氨基酸及VB1、Vc等维生素及钙、铁、锌等有益微量元素，营养全面而均衡，口感好、色香味俱佳，是一种新型营养液。,复合氨基酸粉、高麦芽糖将、双歧因子、葡萄糖酸锌、乳酸钙、葡萄糖酸亚铁,口服，每日2次，每次25ml,置阴凉干燥处,Q/SHS02,QS371406010400 ,18个月 ,2007,http://item.taobao.com/item.htm?id=6886324661
E002,氨基酸营养液（无糖）,1*10*510ml,38*27*9cm,6.92E+12,本品采用现代生物技术，从动植物原料中提取制成的营养食品含有赖氨酸、组氨酸、精氨酸、胱氨酸、亮氨酸、色氨酸等各种人体所需的氨基酸及VB1、Vc等维生素及钙、铁、锌等有益微量元素，营养全面而均衡，口感好、色香味俱佳，是一种新型营养液。,复合氨基酸粉、双歧因子 ,口服，每日2次，每次25ml ,置阴凉干燥处,Q/SHS02 ,QS371406010400 ,18个月,2003,http://item.taobao.com/item.htm?id=6904899693
E003,氨基酸营养液（单瓶）,1*20*250ml,19*10*8.2cm,6.92E+12,?本品采用现代生物工程技术，从动植物原料中提取制成的营养食品含有赖氨酸、组氨酸、精氨酸、胱氨酸、亮氨酸、色氨酸等各种人体所需的氨基酸及VB1、Vc等维生素及钙、铁、锌等有益微量元素，营养全面而均衡，口感好，是一种新型营养液。,复合氨基酸粉、高麦芽糖、葡萄糖酸锌、乳酸钙、葡萄糖酸亚铁,口服每日2次，每次25ml,置阴凉干燥处,Q/SHS02,QS371406010400,18个月,2001,http://item.taobao.com/item.htm?id=6862409729
E051,铁锌钙氨基酸,1*10*640ml,39.7*28*8.5cm,6.92E+12,本品采用现代生物技术，从动植物原料中提取制成的营养食品含有赖氨酸、组氨酸、精氨酸、胱氨酸、亮氨酸、色氨酸等各种人体所需的氨基酸及VB1、Vc等维生素及钙、铁、锌等有益微量元素，营养全面而均衡，口感好、色香味俱佳，是一种新型营养液。,复合氨基酸粉、高麦芽糖、葡萄糖酸锌、乳酸钙、葡萄糖酸亚铁 ,口服，每日2次，每次25ml。,置阴凉干燥处,Q/SHS02,QS371406010400,18个月,2006,http://item.taobao.com/item.htm?id=6921013269
F001,精装冬虫夏草营养液,1*10*500ml,37.9*26.7*9cm,6.92E+12,本品是根据中国传统 医学原理，结合现代营养学理论，选用冬虫夏草、西洋参、双歧因子、高麦芽糖浆、蛋白质粉、山梨酸等为主要原料，采用现代科学方法加工而成的营养成分，富含蛋白质、粗多糖、人参皂苷等多种营养成分，是日常进补的理想选择。,冬虫夏草、西洋参、双歧因子、高麦芽糖浆、蛋白质粉、山梨酸,口服每日2次，空腹饮用效果更好。每次25ml家适量开水冲服。,置阴凉干燥处,Q/SHS13,QS371406010400,18个月,2006,http://item.taobao.com/item.htm?id=6921013063
G051,维生素营养液,1*10*640ml,39.7*28*8.3cm,6.92E+12,本品是根据中国传统 医学原理，结合现代营养学理论，选用维生素、双歧因子、葡萄糖酸钙、葡萄糖酸亚铁、葡萄糖酸锌、蜂蜜、高麦芽糖浆为主要原料，采用 先进工艺精制而成的营养口服液,维生素、双歧因子、葡萄糖酸钙、葡萄糖酸亚铁、葡萄糖酸锌、蜂蜜、高麦芽糖,口服每日2次，每次20-30ml/次，饭前或饭后饮用,密封，置阴凉干燥处 ,Q/SHS10,QS371406010400,18个月,2006,http://item.taobao.com/item.htm?id=6921289007
H001,冰糖燕窝,1*10*600ml,38.5*26.7*8.3cm,6.92E+12,燕窝富含还原糖，蛋白质以及钙、磷、钾等多种对人体有益的有效成分，特别是燕窝中的氨基已糖和类似粘蛋白的物质，对人体有更多营养补充作用。燕窝在世界的产量很少，因此一直以来被人们视为天然名贵珍稀滋补佳品。本品精选东南亚名贵珍品燕窝，采用传统工艺与现代科学技术相结合的方法精制而成，保持了燕窝所特有的天然纯正原味和特殊营养成份，是馈赠亲友和日常进补的理想选择。,纯净水、单晶冰糖、燕窝 ,本品除可直接饮用外，尚可根据个人口味酌情加水饮用，冷饮热饮均宜 ,密封，置阴凉干燥处 ,Q/SHS18,QS371406010400,18个月,2004,http://item.taobao.com/item.htm?id=6905216855
H051,冰糖燕窝,1*8*750ml,41*32.2*8.5ml,6.92E+12,燕窝富含还原糖，蛋白质以及钙、磷、钾等多种对人体有益的有效成分，特别是燕窝中的氨基已糖和类似粘蛋白的物质，对人体有更多营养补充作用。燕窝在世界的产量很少，因此一直以来被人们视为天然名贵珍稀滋补佳品。本品精选东南亚名贵珍品燕窝，采用传统工艺与现代科学技术相结合的方法精制而成，保持了燕窝所特有的天然纯正原味和特殊营养成份，是馈赠亲友和日常进补的理想选择。,纯净水、单晶冰糖、燕窝,本品除可直接饮用外，尚可根据个人口味酌情加水饮用，冷饮热饮均宜,密封，置阴凉干燥处 ,Q/SHS18,QS371406010400,18个月,2004,http://item.taobao.com/item.htm?id=6905701535
H052,冰糖燕窝,1*8*750ml,41*32.2*8.5ml,,燕窝富含还原糖，蛋白质以及钙、磷、钾等多种对人体有益的有效成分，特别是燕窝中的氨基已糖和类似粘蛋白的物质，对人体有更多营养补充作用。燕窝在世界的产量很少，因此一直以来被人们视为天然名贵珍稀滋补佳品。本品精选东南亚名贵珍品燕窝，采用传统工艺与现代科学技术相结合的方法精制而成，保持了燕窝所特有的天然纯正原味和特殊营养成份，是馈赠亲友和日常进补的理想选择,纯净水、单晶冰糖、燕窝,本品除可直接饮用外，尚可根据个人口味酌情加水饮用，冷饮热饮均宜,密封，置阴凉干燥处 ,Q/SHS18,QS371406010400,18个月,2009,http://item.taobao.com/item.htm?id=6905812207
H053,金血丝燕窝,1*8*750ml,41*32.2*8.5ml,,窝富含还原糖，蛋白质以及钙、磷、钾等多种对人体有益的有效成分，特别是燕窝中的氨基已糖和类似粘蛋白的物质，对人体有更多营养补充作用。燕窝在世界的产量很少，因此一直以来被人们视为天然名贵珍稀滋补佳品。本品精选东南亚名贵珍品燕窝，采用传统工艺与现代科学技术相结合的方法精制而成，保持了燕窝所特有的天然纯正原味和特殊营养成份，是馈赠亲友和日常进补的理想选择。,纯净水、单晶冰糖、金丝血燕窝 ,本品除可直接饮用外，尚可根据个人口味酌情加水饮用，冷饮热饮均宜 ,密封，置阴凉干燥处,Q/SHS18 ,QS371406010400,18个月,2009,http://item.taobao.com/item.htm?id=6905733349
I051,未添加蔗糖核桃粉,1*6*810g,44.8*32.8*11cm,6.92E+12,本品采用优质核桃粉、豆奶粉、花生为主要原料，结合现代营养学理论，采用先进工艺精制而成。营养丰富更全面，食用更方便，是现代人士自食、送礼的营养佳品。,核桃粉、葡萄糖、豆奶粉、花生仁、全脂奶粉、麦芽糊精、植脂 ,取本品约30g放入碗中，加沸水，搅拌均匀即可食用或按个人口味自调 ,置于阴凉、通风、干燥处 ,Q/SHS020 ,QS371406010400,18个月,2005,http://item.taobao.com/item.htm?id=6905928239
I052,中老年加钙核桃粉,1*6*810g,44.8*32.8*11cm,6.92E+12,本品选用优质核桃粉为主要原料，结合最新科学营养配方，采用先进工艺精制而成。本品特别添加了牛奶、生物钙，更适合中老年人士食用，是目前中老年人士自食、送礼的营养佳品。,核桃粉、大豆蛋白粉、奶粉、膨化精粉、葡萄糖、植脂末、生物钙、复合甜味剂 ,取本品约30g放入碗中，加沸水，搅拌均匀即可食用或按个人口味自调 ,置于通风、阴凉、干燥处 ,Q/SHS020 ,QS371406010400,18个月,2005,http://item.taobao.com/item.htm?id=6905872237
I053,纯香核桃粉,1*8*800g,44.5*32.8*10cm,6.92E+12,本品选用优质核桃粉为主要原料，结合最新科学营养配方，采用独特先进工艺和设备精制而成。为您提供丰富的营养，是馈赠亲友和日常进步的理想佳品。,核桃粉、葡萄糖、豆奶粉、花生仁、全脂奶粉、麦芽糊精、植脂 ,取本品约30g放入碗中，加沸水，搅拌均匀即可食用或按个人口味自调 ,置于通风、阴凉、干燥处 ,Q/SHS020 ,QS371406010400,18个月,2005,http://item.taobao.com/item.htm?id=6905960885
I054,中老年加钙核桃粉,1*6*810g,40*28*9.5CM,6.92E+12,本品选用优质核桃粉为主要原料，结合最新科学营养配方，采用先进工艺精制而成。本品特别添加了牛奶、生物钙，更适合中老年人士食用，是目前中老年人士自食、送礼的营养佳品。,核桃粉、大豆蛋白粉、奶粉、膨化精粉、葡萄糖、植脂末、生物钙、复合甜味剂 ,取本品约30g放入碗中，加沸水，搅拌均匀即可食用或按个人口味自调 ,置于通风、阴凉、干燥处 ,Q/SHS020 ,QS371406010400,18个月,2007,http://item.taobao.com/item.htm?id=6921489975
I055,无蔗糖核桃粉,1*8*810g,40*28*9.5cm,6.92E+12,本品选用优质核桃粉为主要原料，结合最新科学营养配方，采用独特先进工艺和设备精制而成。为您提供丰富的营养，是馈赠亲友和日常进步的理想佳品。,核桃粉、葡萄糖、豆奶粉、花生仁、全脂奶粉、麦芽糊精、植脂 ,取本品约30g放入碗中，加沸水，搅拌均匀即可食用或按个人口味自调 ,置于通风、阴凉、干燥处 ,Q/SHS020 ,QS371406010400,18个月,2005,http://item.taobao.com/item.htm?id=6921544671
I056,未添加蔗糖核桃粉,1*600*16袋,31*42.5*7cm,6.92E+12,本品采用优质核桃粉为主要原料，结合最新科学营养配方，采用先进工艺精制而成。适合各种年龄人士食用，是现代生活常备的营养佳品。,核桃粉、葡萄糖、豆奶粉、花生仁、全脂奶粉、麦芽糊精、植脂 ,取本品约30g放入碗中，加沸水，搅拌均匀即可食用或按个人口味自调 ,置于通风、阴凉、干燥处 ,Q/SHS020 ,QS371406010400,18个月,2006,http://item.taobao.com/item.htm?id=6906495615
I057,中老年加钙核桃粉,1*600*16袋,31*42.5*7cm,6.92E+12,本品采用优质核桃粉为主要原料，结合最新科学营养配方，采用先进工艺精制而成。本品特别添加了牛奶、生物钙，更适合中老年人士食用，是目前中老年人士自食、送礼的营养佳品。,核桃粉、大豆蛋白粉、奶粉、膨化精粉、葡萄糖、植脂末、复合甜味剂、麦芽糊精,取本品一小袋放入碗中，加沸水，搅拌均匀即可食用或按个人口味自,置于阴凉、通风、干燥处,Q/SHS020 ,QS371406010400,18个月,2006,http://item.taobao.com/item.htm?id=6906396005
I058,蜂蜜牛奶核桃粉,1*600*16袋,31*42.5*7cm,6.92E+12,本品采用核桃粉、豆奶粉、蜂蜜、白砂糖为主要原料，经先进工艺精制而成。是目前现代人是必备的营养食品，也是馈赠亲友的理想礼品。,核桃粉、豆奶粉、蜂蜜、白砂糖、植脂末、麦精粉 ,取本品一小袋放入碗中，加沸水，搅拌均匀即可食用或按个人口味自,置于阴凉、通风、干燥处,Q/SHS020 ,QS371406010400,18个月,2006,http://item.taobao.com/item.htm?id=6906674423
J051,牛奶加钙燕麦片,1*8*810g,40*28*9.5cm,6.92E+12,本品采用优质燕麦片为主要原料，采用科学营养配方，，经先进工艺精制而成。本品还添加了牛奶、生物钙、沸水一冲即可食用，口感糯软，味道香浓，更适合早餐、午餐或睡前补充食品，是居家旅行的必备营养佳品。,燕麦片、燕麦粉、奶粉、植脂末、生物钙、复合甜味剂 ,取本品一小袋放入碗中，加沸水，搅拌均匀即可食用或按个人口味自,置于阴凉、通风、干燥处,Q/SHS020 ,QS371406010400,18个月,2007,http://item.taobao.com/item.htm?id=6929118939
J052,未添加蔗糖燕麦片,1*600*16袋,31*42.5*7cm,6.92E+12,本品是采用燕麦片，配以麦精粉、植脂末、奶粉等为主要原料，经先进工艺精致而成。营养丰富而全面，是目前现代人士必备的营养食品。 ,燕麦片、麦精粉、葡萄糖、植脂末、奶粉,取本品一小袋放入碗中，加沸水，搅拌均匀即可食用或按个人口味自,置于阴凉、通风、干燥处,Q/SHS020 ,QS371406010400,18个月,2006,http://item.taobao.com/item.htm?id=6908920831
J053,高蛋白燕麦片,1*600*16袋,31*42.5*7cm,6.92E+12,本品采用燕麦片、麦精粉、奶粉为主要原料，特别添加优质大豆蛋白，经先进工艺精致而成。含大量的蛋白质、矿物质、维生素等含量成分，钙、铁、锌含量适宜，为人体提供丰富的营养。本品特别添加大豆蛋白，蛋白质含量比普通麦片高出25%以上，营养更充足。早晚一杯，带给您和家人丰富、均衡的营养 ,燕麦片、麦精粉、植脂末、白砂糖、大豆蛋白、奶粉、食盐、生物钙、乳酸亚铁、乳酸锌、低聚果糖、食用香料,取本品一小袋放入碗中，加沸水，搅拌均匀即可食用或按个人口味自,置于阴凉、通风、干燥处,Q/SHS020 ,QS371406010400,18个月,2006,http://item.taobao.com/item.htm?id=6908954367
J054,牛奶核桃加钙燕麦片,1*600*16袋,31*42.5*7cm,6.92E+12,本品采用燕麦片、核桃粉、豆奶粉、生物钙、白砂糖为主要原料，经先进工艺精制而成。是目前现代人是必备的营养食品，也是馈赠亲友的理想礼品,燕麦片、白砂糖、核桃粉、全脂奶粉、麦芽糊精、植脂末、生物钙,取本品一小袋放入碗中，加沸水，搅拌均匀即可食用或按个人口味自,置于阴凉、通风、干燥处,Q/SHS020 ,QS371406010400,18个月,2006,http://item.taobao.com/item.htm?id=6908866789
J055,木糖醇燕麦片,1*6*810g,44.8*32.8*11cm,6.92E+12,本品采用优质燕麦片为主要原料，采用科学营养配方，特别添加了木糖醇，经先进工艺精制而成。本品还添加了牛奶、生物钙、沸水一冲即可食用，口感糯软，味道香浓，更适合早餐、午餐或睡前补充食品，是居家旅行的必备营养佳品。,燕麦片、燕麦粉、木糖醇、奶粉、植脂末、生物钙、复合甜味剂,取本品约30g放入碗中，加沸水，搅拌均匀即可食用或按个人口味自调 ,置于阴凉、通风、干燥处,GB19640,QS371407010078 ,18个月,2009,http://item.taobao.com/item.htm?id=6908909941
K051,牦牛骨髓营养粉,1×6×660g,44.8×32.8×11cm,6.92E+12,钙是人体必需元素之一，低钙会对人体许多方面造成不良影响，合理补充钙质是保持人体健康的条件之一。牦牛骨髓营养粉富含钙、骨胶原营养物质，易于消化吸收。????? 本品选用牦牛骨髓粉、精制米粉、大豆分离蛋白、麦芽糊精为主要原料，添加乳钙、双歧因子精制而成，营养丰富，是中老年人士补充钙源的理想佳品。,牦牛骨髓粉、精制米粉、大豆分离蛋白、麦芽糊精、葡萄糖、双歧因子、乳钙,取本品约30g放入碗中，加沸水，搅拌均匀即可食用或按个人口味自调。,置于通风、阴凉、干燥处，开封后建议立即食用。,Q/SHS020,QS3714 0601 0400,18个月,2007,http://item.taobao.com/item.htm?id=6908954617
K052,驴胶血宝营养粉,1×6×660g,44.8×32.8×11cm,6.92E+12,本品选用精制米粉、驴皮阿胶、大都分离蛋白、麦芽糊精、植脂末为主要原料，添加乳酸亚铁、大枣、枸杞，运用现代养生理论‘经科学配比精心研制而成，是日常滋补的营养佳品。,驴皮阿胶、精制米粉、大豆分离蛋白、麦芽糊精、植脂末、葡萄糖、双歧因子、乳酸亚铁、大枣、枸杞,,置于通风、阴凉、干燥处，开封后建议立即食用。,Q/SHS020,QS3714 0601 0400,18个月,2004,http://item.taobao.com/item.htm?id=6908994105
K053,阿胶红枣营养粉,1×6×660g,44.8×32.8×11cm,6.92E+12,本品选用精制米粉加入乐陵金丝小枣、山东阿胶经现代最新熟化技术制成混合粉，并加入豆奶粉、乳钙、葡萄糖酸亚铁、复合维生素等进行合理均衡调配精制而成。其营养丰富，枣香浓郁，口感润滑，低脂，低热量，是日常滋补的营养佳品。,山东阿胶、金丝小枣、豆奶粉、精制米粉、麦芽糊精、植脂末、乳钙、葡萄糖酸亚铁、维生素C、维生素E,,置于通风、阴凉、干燥处，开封后建议立即食用。,Q/SHS020,QS3714 0601 0400,18个月,2007,http://item.taobao.com/item.htm?id=6915236261
K054,加钙加铁壮骨粉,1×8×800g,44.8×32.8×10cm,6.92E+12,本品结合中老年人生理特点，运用现代养生学原理经科学配比精制而成，是孝敬父母或馈赠亲友的高贵礼品。,米粉、豆奶粉、全脂奶粉、葡萄糖、植脂末、生物钙、符合甜味剂、葡萄糖酸锌、乳酸亚铁、枸杞,取本品30~40g，加入适量开水搅拌均匀即可食用。,置阴凉干燥处，开袋即食不可久置。,Q/SHS20-2006,QS3714 0601 0400,18个月,2005,http://item.taobao.com/item.htm?id=6929133725
K055,中老年壮骨粉,1×6×900g,44.5×32.8×10cm,6.92E+12,本品结合中老年人生理特点，运用现代养生学原理经科学配比精制而成，是孝敬父母或馈赠亲友的高贵礼品。,精制米粉、豆奶粉、麦芽糊精、植脂末、骨髓提取物、生物钙、符合甜味剂、枸杞,取本品20~30g，加入适量开水搅拌均匀即可食用。,置阴凉干燥处，开袋即食不可久置。,Q/SHS20-2006,QS3714 0601 0400,18个月,2005,http://item.taobao.com/item.htm?id=6919510285
K056,中老年牦牛骨髓营养粉,1×8×600g,45×33×10cm,6.92E+12,钙是人体必需元素之一，低钙会对人体许多方面造成不良影响，合理补充钙质是保持人体健康的条件之一。牦牛骨髓营养粉富含钙、骨胶原营养物质，易于消化吸收。????? 本品选用牦牛骨髓粉、精制米粉、大豆分离蛋白、麦芽糊精为主要原料，添加乳钙、双歧因子精制而成，营养丰富，是中老年人士补充钙源的理想佳品。,牦牛骨髓粉、精制米粉、大豆分离蛋白、麦芽糊精、葡萄糖、双歧因子、乳钙,取本品约30g放入碗中，加沸水，搅拌均匀即可食用或按个人口味自调。,置于通风、阴凉、干燥处，开封后建议立即食用。,Q/SHS020,QS3714 0601 0400,18个月,2007,http://item.taobao.com/item.htm?id=6929271463
L001,海参营养液,1×6×480ml,36×25.3×9,6.92E+12,"海参含有18种人体必须的氨基酸。众所周知，人体会因缺少某种必需的氨基酸而发生病变。因此，获取人体必须的氨基酸对人体正常发育尤为重要。海参中含有的多肽物质和海参皂甙性粘多糖、锌、铁等可以有效的补充人体的营养不足。《本草纲目拾遗》记载：“海参生百脉血”。海参含有多种必需微量元素、酸性粘多糖和海参皂甙，具有激活B胰岛素细胞活性，平抑糕浓度血糖的作用。”本品精选渤海刺海参为主要原料，采用先进的生物技术，充分保留刺海参中的活性成份，并科学配伍枸杞提取液和活性多肽精制而成的营养液，是滋补身体，馈赠亲友的理想佳品。
",纯净水、海参提取液、大豆多肽、复合氨基酸粉、胶原蛋白、枸杞提取液、亚硒酸钠、甘氨酸、山梨酸,口服，每日1次.每次1瓶。,置阴凉干燥处,Q/SHS13,QS3714 0601 0400,18个月,2004,http://item.taobao.com/item.htm?id=6915957471
M051,纯蜂蜜（单瓶）,1×20×480g,12.9×7.1cm,6.92E+12,本品选用多种优质花蜜为原料，经过滤、浓缩、无菌灌装等工艺包装而成。充分保证了产品的酶活性和营养成分，是日常必备的营养佳品。,多种花蜜,每次取本品20-50g，将本品涂抹于事物上直接食用或加温开水调服及加牛奶、饮料中饮用。,用后瓶盖需拧紧，置清洁、阴凉干燥处。,GB18796,QS3714 2601 0044,18个月,2003,http://item.taobao.com/item.htm?id=6915864069
M052,枣花蜂蜜（单瓶）,1×20×480g,12.9×7.1cm,6.92E+12,本品选用多种优质枣花花蜜为原料，经过滤、浓缩、无菌灌装等工艺包装而成。充分保证了产品的酶活性和营养成分，是日常必备的营养佳品。,枣花花蜜,每次取本品20-50g，将本品涂抹于事物上直接食用或加温开水调服及加牛奶、饮料中饮用。,用后瓶盖需拧紧，置清洁、阴凉干燥处。,GB18796,QS3714 2601 0044,18个月,2003,http://item.taobao.com/item.htm?id=6916002039
M053,纯蜂蜜（单瓶）,1×20×508g,7.9×12cm,6.92E+12,本品选用多种优质花蜜为原料，经过滤、浓缩、无菌灌装等工艺包装而成。充分保证了产品的酶活性和营养成分，是日常必备的营养佳品。,多种花蜜,温开水调服或加牛奶、饮料中饮用。,用后瓶盖需拧紧，置清洁、阴凉干燥处。,GB18796,QS3714 2601 0044,18个月,2007,http://item.taobao.com/item.htm?id=6916121083
M054,枣花蜂蜜（单瓶）,1×20×508g,7.9×12cm,6.92E+12,本品选用多种优质枣花花蜜为原料，经过滤、浓缩、无菌灌装等工艺包装而成。充分保证了产品的酶活性和营养成分，是日常必备的营养佳品。,枣花花蜜,温开水调服或加牛奶、饮料中饮用。,用后瓶盖需拧紧，置清洁、阴凉干燥处。,GB18796,QS3714 2601 0044,18个月,2007,http://item.taobao.com/item.htm?id=6916252655
M055,阿胶蜂蜜膏（单瓶）,1×20×508g,7.9×12cm,6.92E+12,本品以蜂蜜、阿胶、高麦芽糖浆为主要原料，经现代生产工艺加工调制而成，口感纯正，即冲即饮，是理想的营养食品。,蜂蜜、阿胶、高麦芽糖浆、果糖,温开水调服或加牛奶、饮料中饮用。,用后瓶盖需拧紧，置清洁、阴凉干燥处。,GB18796,QS3714 2601 0044,18个月,2007,http://item.taobao.com/item.htm?id=6929158755
M056,洋槐花蜂蜜（单瓶）,1×20×508g,7.9×12cm,6.92E+12,本品是经科学方法精加工制成。不宜用沸水冲饮，如有结晶或部分沉淀属于正常想象，并非变质，保质期内放心饮用。,洋槐花蜂蜜,温开水调服或加牛奶、饮料中饮用。,用后瓶盖需拧紧，置清洁、阴凉干燥处。,GB18796,QS3714 2601 0044,18个月,2007,http://item.taobao.com/item.htm?id=6916190515
M057,桂花蜂蜜（单瓶）,1×20×508g,7.9×12cm,6.92E+12,本品是经科学方法精加工制成。不宜用沸水冲饮，如有结晶或部分沉淀属于正常想象，并非变质，保质期内放心饮用。,桂花蜂蜜,温开水调服或加牛奶、饮料中饮用。,用后瓶盖需拧紧，置清洁、阴凉干燥处。,GB18796,QS3714 2601 0044,18个月,2007,http://item.taobao.com/item.htm?id=6916425969
M058,枣花蜂蜜（国标）,1×8×880g,44×31.5×9.3cm,6.92E+12,本品选用优质枣花蜂蜜为原料，经滤过、浓缩、无菌灌装等工艺包装而成。充分保证了产品的酶活性和营养成分，是日常必备的营养佳品。,枣花蜂蜜,每次取本品20-50g，将本品涂抹于事物上直接食用或加温开水调服及加牛奶、饮料中饮用。,用后瓶盖需拧紧，置清洁、阴凉干燥处。,GB18796,QS3714 2601 0044,18个月,2007,http://item.taobao.com/item.htm?id=6916232857
M059,纯蜂蜜（国标）,1×8×880g,44×31.5×9.3cm,6.92E+12, 本品选用多种优质花蜜为原料，经滤过、浓缩、无菌灌装等工艺包装而成。充分保证了产品的酶活性和营养成分，是日常必备的营养佳品。,多种花蜜,每次取本品20-50g，将本品涂抹于事物上直接食用或加温开水调服及加牛奶、饮料中饮用。,用后瓶盖需拧紧，置清洁、阴凉干燥处。,GB18796,QS3714 2601 0044,18个月,2007,http://item.taobao.com/item.htm?id=6916264153
M060,中老年蜂蜜膏,1×6×1400g,42×28×9cm,6.92E+12,本品以蜂蜜、高麦芽糖浆为主要原料，经现代生产工艺加工调制而成，口感纯正，即冲即饮，是理想的营养食品，特别适合中老年人群饮用。,蜂蜜、高麦芽糖浆、果糖,直接食用或温开水冲饮，面包佐餐，加入牛奶、豆浆、果汁中饮用更佳,置于阴凉干燥处，用后密封。,Q/SHS11,QS3714 2601 0044,18个月,2004,http://item.taobao.com/item.htm?id=6916319225
M061,纯蜂蜜,1×6×1500g,44×32×10cm,6.92E+12,本品选用蜂蜜为原料，其主要成份葡萄糖、果糖、维生素群、氨基酸、无机盐等。常饮本品有益健康。,蜂蜜,直接食用或温开水冲饮，面包佐餐，加入牛奶、豆浆、果汁中饮用更佳。,用后瓶盖需拧紧，置清洁、阴凉干燥处。,GB18796,QS3714 2601 0044,18个月,2007,http://item.taobao.com/item.htm?id=6916589697
M062,紫云英蜂蜜,1×6×1500g,44×32×10cm,6.92E+12,本品选用紫云英蜂蜜为原料，其主要成份葡萄糖、果糖、维生素群、氨基酸、无机盐等。常饮本品有益健康。,紫云英蜂蜜,直接食用或温开水冲饮，面包佐餐，加入牛奶、豆浆、果汁中饮用更佳,用后瓶盖需拧紧，置清洁、阴凉干燥处。,GB18796,QS3714 2601 0044,18个月,2007,http://item.taobao.com/item.htm?id=6916423779
M063,洋槐花蜂蜜,1×6×1500g,44×32×10cm,6.92E+12,本品选用洋槐蜂蜜为原料，其主要成份葡萄糖、果糖、维生素群、氨基酸、无机盐等。常饮本品有益健康。,洋槐蜂蜜,直接食用或温开水冲饮，面包佐餐，加入牛奶、豆浆、果汁中饮用更佳。,用后瓶盖需拧紧，置清洁、阴凉干燥处。,GB18796,QS3714 2601 0044,18个月,2007,http://item.taobao.com/item.htm?id=6916704843
N051,未添加蔗糖黑芝麻糊,1×16×600g,31×42.5×7cm,6.92E+12,本品选用黑芝麻、精米粉为主要原料，经现代熟化技术精制而成。在制作当中加入奶粉、复合维生素等进行合理均衡调配。其营养丰富，香浓馥郁，口感嫩滑，是现代人士理想的营养食品。,黑芝麻、精米粉、奶粉、麦芽糊精、植脂末、葡萄糖,取本品一小袋，加入约200ml开水搅拌均匀后，即可食用，或按个人口味自调。,置于阴凉、通风、干燥处。开封后建议立即食用。,Q/SHS022,QS3714 0701 0078,18个月,2007,http://item.taobao.com/item.htm?id=6917014831
N052,手磨纯香黑芝麻糊,1×16×600g,31×42.5×7cm,6.92E+12,本品是选用黑芝麻、精米粉为主要原料，经现代最新熟化技术精制而成。在制作当中加入奶粉、乳酸钙、复合维生素等进行合理均衡调配。其营养丰富，香浓馥郁，口感嫩滑，低脂肪热量，是现代人士理想常充饥营养食品。,黑芝麻、精米粉、麦精粉、白砂糖、大豆、花生,取本品一小袋，加入约200ml开水搅拌均匀后，即可食用，或按个人口味自调。,置于阴凉、通风、干燥处。开封后建议立即食用。,Q/SHS022,QS3714 0701 0078,18个月,2007,http://item.taobao.com/item.htm?id=6918440347
N053,八珍浓香黑芝麻糊,1×16×600g,31×42.5×7cm,6.92E+12,本品选用膨化精米（通过熟化）、黑芝麻、麦精粉为主要原料，采用先进生产工艺设备，科学调配精制而成，其营养丰富，特别适合当早餐、午餐或临睡前的充饥食品，是现代人士理想的营养方便食品。,膨化精米、黑芝麻、麦精粉,取本品一小袋，加入约200ml开水搅拌均匀后，即可食用，或按个人口味自调。,置于阴凉、通风、干燥处。开封后建议立即食用。,Q/SHS022,QS3714 0701 0078,18个月,2007,
O051,阿胶桂圆红枣莲子羹,1×16×600g,31×42.5×7cm,6.92E+12,本品精选山东阿胶、桂圆、金丝小枣及通心莲子，按传统营养配方结合现代营养学理论，采用先进工艺精制而成，枣香浓郁，营养丰富，是目前现代人士自食、送礼的营养佳品。,精制米粉、红枣、莲子、葡萄糖、麦芽糊精、全脂奶粉、桂圆、山东阿胶、食用香料,取本品一小袋倒入杯中，加入开水搅拌均匀，即可食用。,置于阴凉、通风、干燥处。开封后建议立即食用。,Q/SHS022,QS3714 0701 0078,18个月,2007,http://item.taobao.com/item.htm?id=6918596621
O052,中老年红枣莲子羹,1×16×600g,31×42.5×7cm,6.92E+12,本品精选金丝小枣及通心莲子，按传统营养配方结合现代营养学理论，采用先进工艺精制而成，枣香浓郁，营养丰富。更适合中老年人士食用，是目前中老年人士自食、送礼的营养佳品。,精制米粉、红枣、莲子、白砂糖、麦芽糊精、全脂奶粉、生物钙、食用香料,取本品一小袋倒入杯中，加入开水搅拌均匀，即可食用。,置于阴凉、通风、干燥处。开封后建议立即食用。,Q/SHS022,QS3714 0701 0078,18个月,2007,http://item.taobao.com/item.htm?id=6918661851
P051,未添加蔗糖黑豆奶,1×16×600g,31×42.5×7cm,6.92E+12,本品是以黑豆、葡萄糖、奶粉为主要原料，添加了人体必需的多种微量元素和矿物质，营养合理，采用先进生产设备，严格控制工艺程序精制而成，即冲既饮，食用方便。,黑豆、奶粉、葡萄糖、双歧因子、乳酸钙、维生素E,取本品一小袋倒入杯中，加入开水搅拌均匀，即可食用。,置于通风、阴凉、干燥处，开封后建议立即食用。,Q/SHS020,QS3714 0701 0078,18个月,2007,http://item.taobao.com/item.htm?id=6918751277
P052,中老年加钙豆奶,1×16×600g,31×42.5×7cm,6.92E+12,本品是以大豆、葡萄糖、奶粉为主要原料，结合最新科学营养配方，采用先进工艺精制而成。本品特别添加了生物钙，更适合中老年人士食用，是目前中老年人士自食、送礼的营养佳品。,大豆、葡萄糖、奶粉、植脂末、生物钙,取本品一小袋倒入杯中，加入开水搅拌均匀，即可食用。,置于阴凉、通风、干燥处。开封后建议立即食用。,Q/SHS020,QS3714 0701 0078,18个月,2007,http://item.taobao.com/item.htm?id=6918928111
P053,维他型豆奶,1×16×600g,31×42.5×7cm,6.92E+12,本品是以大豆、葡萄糖、奶粉为主要原料，依据营养互补的原理，添加了维生素C、维生素E、卵磷脂、葡萄糖酸锌、葡萄糖酸亚铁、乳酸钙，以补充人体的维生素及钙、铁、锌，营养全面而均衡，易于人体消化吸收，有益于身体健康。,大豆、葡萄糖、奶粉、植脂末、维生素C、维生素E、卵磷脂、乳酸钙、葡萄糖酸锌、葡萄糖酸亚铁,取本品一小袋倒入杯中，加入开水搅拌均匀，即可食用。,置于阴凉、通风、干燥处。开封后建议立即食用。,Q/SHS020,QS3714 0701 0078,18个月,2007,http://item.taobao.com/item.htm?id=6918877963
